,Test ROC-AUC,CV ROC-AUC (mean),CV ROC-AUC (std)
Logistic Regression,0.7116,0.7013999999999998,0.025665774876282247
SVM (RBF),0.6934,0.6678400000000001,0.02419442911085108
Gradient Boosting,0.6469,0.62062,0.021617622440962308
Random Forest,0.64455,0.6544200000000001,0.03014469439221433
